<resources>
    <dimen name="action_titile">21sp</dimen>

    <dimen name="dim_1">1.5dp</dimen>
    <dimen name="dim_2">3dp</dimen>
    <dimen name="dim_3">4.5dp</dimen>
    <dimen name="dim_4">6dp</dimen>
    <dimen name="dim_5">7.5dp</dimen>
    <dimen name="dim_6">9dp</dimen>
    <dimen name="dim_7">10.5dp</dimen>
    <dimen name="dim_8">12dp</dimen>
    <dimen name="dim_9">13.5dp</dimen>
    <dimen name="dim_10">15dp</dimen>
    <dimen name="font_cart">18sp</dimen>
    <dimen name="font_size">16sp</dimen>
     <dimen name="font_size_one">19sp</dimen>
    <dimen name="tab_title_size_one">15sp</dimen>
    <dimen name="dim_11">16.5dp</dimen>
    <dimen name="dim_12">18dp</dimen>
    <dimen name="dim_13">19.5dp</dimen>
    <dimen name="dim_14">21dp</dimen>
    <dimen name="dim_15">22.5dp</dimen>
    <dimen name="dim_16">24dp</dimen>
    <dimen name="dim_17">25.5dp</dimen>
    <dimen name="dim_18">27dp</dimen>
    <dimen name="dim_19">28.5dp</dimen>
    <dimen name="dim_20">30dp</dimen>
    <dimen name="dim_21">31.5dp</dimen>
    <dimen name="dim_22">33dp</dimen>
    <dimen name="dim_23">34.5dp</dimen>
    <dimen name="dim_24">36dp</dimen>
    <dimen name="dim_25">37.5dp</dimen>
    <dimen name="dim_26">39dp</dimen>
    <dimen name="dim_27">40.5dp</dimen>
    <dimen name="dim_28">42dp</dimen>
    <dimen name="dim_29">43.5dp</dimen>
    <dimen name="dim_30">45dp</dimen>
    <dimen name="dim_31">46.5dp</dimen>
    <dimen name="dim_32">48dp</dimen>
    <dimen name="dim_33">49.5dp</dimen>
    <dimen name="dim_34">51dp</dimen>
    <dimen name="dim_35">52.5dp</dimen>
    <dimen name="dim_36">54dp</dimen>
    <dimen name="dim_37">55.5dp</dimen>
    <dimen name="dim_38">57dp</dimen>
    <dimen name="dim_39">58.5dp</dimen>
    <dimen name="dim_40">60dp</dimen>
    <dimen name="dim_41">61.5dp</dimen>
    <dimen name="dim_42">63dp</dimen>
    <dimen name="dim_43">64.5dp</dimen>
    <dimen name="dim_44">66dp</dimen>
    <dimen name="dim_45">67.5dp</dimen>
    <dimen name="dim_46">69dp</dimen>
    <dimen name="dim_47">70.5dp</dimen>
    <dimen name="dim_48">72dp</dimen>
    <dimen name="dim_49">73.5dp</dimen>
    <dimen name="dim_50">75dp</dimen>
    <dimen name="dim_51">76.5dp</dimen>
    <dimen name="dim_52">78dp</dimen>
    <dimen name="dim_53">79.5dp</dimen>
    <dimen name="dim_54">81dp</dimen>
    <dimen name="dim_55">82.5dp</dimen>
    <dimen name="dim_56">84dp</dimen>
    <dimen name="dim_57">85.5dp</dimen>
    <dimen name="dim_58">87dp</dimen>
    <dimen name="dim_59">88.5dp</dimen>
    <dimen name="dim_60">90dp</dimen>
    <dimen name="dim_61">91.5dp</dimen>
    <dimen name="dim_62">93dp</dimen>
    <dimen name="dim_63">94.5dp</dimen>
    <dimen name="dim_64">96dp</dimen>
    <dimen name="dim_65">97.5dp</dimen>
    <dimen name="dim_66">99dp</dimen>
    <dimen name="dim_67">100.5dp</dimen>
    <dimen name="dim_68">102dp</dimen>
    <dimen name="dim_69">103.5dp</dimen>
    <dimen name="dim_70">105dp</dimen>
    <dimen name="dim_71">106.5dp</dimen>
    <dimen name="dim_72">108dp</dimen>
    <dimen name="dim_73">109.5dp</dimen>
    <dimen name="dim_74">111dp</dimen>
    <dimen name="dim_75">112.5dp</dimen>
    <dimen name="dim_76">114dp</dimen>
    <dimen name="dim_77">115.5dp</dimen>
    <dimen name="dim_78">117dp</dimen>
    <dimen name="dim_79">118.5dp</dimen>
    <dimen name="dim_80">120dp</dimen>
    <dimen name="dim_81">121.5dp</dimen>
    <dimen name="dim_82">123dp</dimen>
    <dimen name="dim_83">124.5dp</dimen>
    <dimen name="dim_84">126dp</dimen>
    <dimen name="dim_85">127.5dp</dimen>
    <dimen name="dim_86">129dp</dimen>
    <dimen name="dim_87">130.5dp</dimen>
    <dimen name="dim_88">132dp</dimen>
    <dimen name="dim_89">133.5dp</dimen>
    <dimen name="dim_90">135dp</dimen>
    <dimen name="dim_91">136.5dp</dimen>
    <dimen name="dim_92">138dp</dimen>
    <dimen name="dim_93">139.5dp</dimen>
    <dimen name="dim_94">141dp</dimen>
    <dimen name="dim_95">142.5dp</dimen>
    <dimen name="dim_96">144dp</dimen>
    <dimen name="dim_97">145.5dp</dimen>
    <dimen name="dim_98">147dp</dimen>
    <dimen name="dim_99">148.5dp</dimen>
    <dimen name="dim_100">150dp</dimen>
     <dimen name="dim_101">151.5dp</dimen>
    <dimen name="dim_102">153.0dp</dimen>
    <dimen name="dim_103">154.5dp</dimen>
    <dimen name="dim_104">156.0dp</dimen>
    <dimen name="dim_105">157.5dp</dimen>
    <dimen name="dim_106">159.0dp</dimen>
    <dimen name="dim_107">160.5dp</dimen>
    <dimen name="dim_108">162.0dp</dimen>
    <dimen name="dim_109">163.5dp</dimen>
    <dimen name="dim_110">165.0dp</dimen>
    <dimen name="dim_111">166.5dp</dimen>
    <dimen name="dim_112">168.0dp</dimen>
    <dimen name="dim_113">169.5dp</dimen>
    <dimen name="dim_114">171.0dp</dimen>
    <dimen name="dim_115">172.5dp</dimen>
    <dimen name="dim_116">174.0dp</dimen>
    <dimen name="dim_117">175.5dp</dimen>
    <dimen name="dim_118">177.0dp</dimen>
    <dimen name="dim_119">178.5dp</dimen>
    <dimen name="dim_120">180.0dp</dimen>
    <dimen name="dim_121">181.5dp</dimen>
    <dimen name="dim_122">183.0dp</dimen>
    <dimen name="dim_123">184.5dp</dimen>
    <dimen name="dim_124">186.0dp</dimen>
    <dimen name="dim_125">187.5dp</dimen>
    <dimen name="dim_126">189.0dp</dimen>
    <dimen name="dim_127">190.5dp</dimen>
    <dimen name="dim_128">192.0dp</dimen>
    <dimen name="dim_129">193.5dp</dimen>
    <dimen name="dim_130">195.0dp</dimen>
    <dimen name="dim_131">196.5dp</dimen>
    <dimen name="dim_132">198.0dp</dimen>
    <dimen name="dim_133">199.5dp</dimen>
    <dimen name="dim_134">201.0dp</dimen>
    <dimen name="dim_135">202.5dp</dimen>
    <dimen name="dim_136">204.0dp</dimen>
    <dimen name="dim_137">205.5dp</dimen>
    <dimen name="dim_138">207.0dp</dimen>
    <dimen name="dim_139">208.5dp</dimen>
    <dimen name="dim_140">210.0dp</dimen>
    <dimen name="dim_141">211.5dp</dimen>
    <dimen name="dim_142">213.0dp</dimen>
    <dimen name="dim_143">214.5dp</dimen>
    <dimen name="dim_144">216.0dp</dimen>
    <dimen name="dim_145">217.5dp</dimen>
    <dimen name="dim_146">219.0dp</dimen>
    <dimen name="dim_147">220.5dp</dimen>
    <dimen name="dim_148">222.0dp</dimen>
    <dimen name="dim_149">223.5dp</dimen>
    <dimen name="dim_150">225.0dp</dimen>
    <dimen name="dim_151">226.5dp</dimen>
    <dimen name="dim_152">228.0dp</dimen>
    <dimen name="dim_153">229.5dp</dimen>
    <dimen name="dim_154">231.0dp</dimen>
    <dimen name="dim_155">232.5dp</dimen>
    <dimen name="dim_156">234.0dp</dimen>
    <dimen name="dim_157">235.5dp</dimen>
    <dimen name="dim_158">237.0dp</dimen>
    <dimen name="dim_159">238.5dp</dimen>
    <dimen name="dim_160">240.0dp</dimen>
    <dimen name="dim_161">241.5dp</dimen>
    <dimen name="dim_162">243.0dp</dimen>
    <dimen name="dim_163">244.5dp</dimen>
    <dimen name="dim_164">246.0dp</dimen>
    <dimen name="dim_165">247.5dp</dimen>
    <dimen name="dim_166">249.0dp</dimen>
    <dimen name="dim_167">250.5dp</dimen>
    <dimen name="dim_168">252dp</dimen>
    <dimen name="dim_169">253.5dp</dimen>
    <dimen name="dim_170">255dp</dimen>
    <dimen name="dim_171">256.5dp</dimen>
    <dimen name="dim_172">258dp</dimen>
    <dimen name="dim_173">259.5dp</dimen>
    <dimen name="dim_174">261dp</dimen>
    <dimen name="dim_175">262.5dp</dimen>
    <dimen name="dim_176">264dp</dimen>
    <dimen name="dim_177">265.5dp</dimen>
    <dimen name="dim_178">267dp</dimen>
    <dimen name="dim_179">268.5dp</dimen>
    <dimen name="dim_180">270dp</dimen>
    <dimen name="dim_181">271.5dp</dimen>
    <dimen name="dim_182">273dp</dimen>
    <dimen name="dim_183">274.5dp</dimen>
    <dimen name="dim_184">276dp</dimen>
    <dimen name="dim_185">277.5dp</dimen>
    <dimen name="dim_186">279dp</dimen>
    <dimen name="dim_187">280.5dp</dimen>
    <dimen name="dim_188">282dp</dimen>
    <dimen name="dim_189">283.5dp</dimen>
    <dimen name="dim_190">285dp</dimen>
    <dimen name="dim_191">286.5dp</dimen>
    <dimen name="dim_192">288dp</dimen>
    <dimen name="dim_193">289.5dp</dimen>
    <dimen name="dim_194">291dp</dimen>
    <dimen name="dim_195">292.5dp</dimen>
    <dimen name="dim_196">294dp</dimen>
    <dimen name="dim_197">295.5dp</dimen>
    <dimen name="dim_198">297dp</dimen>
    <dimen name="dim_199">298.5dp</dimen>
    <dimen name="dim_200">300dp</dimen>
     <dimen name="dim_201">301.5dp</dimen>
    <dimen name="dim_202">303dp</dimen>
    <dimen name="dim_203">304.5dp</dimen>
    <dimen name="dim_204">306dp</dimen>
    <dimen name="dim_205">307.5dp</dimen>
    <dimen name="dim_206">309dp</dimen>
    <dimen name="dim_207">310.5dp</dimen>
    <dimen name="dim_208">312dp</dimen>
    <dimen name="dim_209">313.5dp</dimen>
    <dimen name="dim_210">315dp</dimen>
    <dimen name="dim_211">316.5dp</dimen>
    <dimen name="dim_212">318dp</dimen>
    <dimen name="dim_213">319.5dp</dimen>
    <dimen name="dim_214">321dp</dimen>
    <dimen name="dim_215">322.5dp</dimen>
    <dimen name="dim_216">324dp</dimen>
    <dimen name="dim_217">325.5dp</dimen>
    <dimen name="dim_218">327dp</dimen>
    <dimen name="dim_219">328.5dp</dimen>
    <dimen name="dim_220">330dp</dimen>
    <dimen name="dim_221">331.5dp</dimen>
    <dimen name="dim_222">333dp</dimen>
    <dimen name="dim_223">334.5dp</dimen>
    <dimen name="dim_224">336dp</dimen>
    <dimen name="dim_225">337.5dp</dimen>
    <dimen name="dim_226">339dp</dimen>
    <dimen name="dim_227">340.5dp</dimen>
    <dimen name="dim_228">342dp</dimen>
    <dimen name="dim_229">343.5dp</dimen>
    <dimen name="dim_230">345dp</dimen>
    <dimen name="dim_231">346.5dp</dimen>
    <dimen name="dim_232">348dp</dimen>
    <dimen name="dim_233">349.5dp</dimen>
    <dimen name="dim_234">351dp</dimen>
    <dimen name="dim_235">352.5dp</dimen>
    <dimen name="dim_236">354dp</dimen>
    <dimen name="dim_237">355.5dp</dimen>
    <dimen name="dim_238">357dp</dimen>
    <dimen name="dim_239">358.5dp</dimen>
    <dimen name="dim_240">360dp</dimen>
    <dimen name="dim_241">361.5dp</dimen>
    <dimen name="dim_242">363dp</dimen>
    <dimen name="dim_243">364.5dp</dimen>
    <dimen name="dim_244">366dp</dimen>
    <dimen name="dim_245">367.5dp</dimen>
    <dimen name="dim_246">369dp</dimen>
    <dimen name="dim_247">370.5dp</dimen>
    <dimen name="dim_248">372dp</dimen>
    <dimen name="dim_249">373.5dp</dimen>
    <dimen name="dim_250">375dp</dimen>
    <dimen name="dim_251">376.5dp</dimen>
    <dimen name="dim_252">378dp</dimen>
    <dimen name="dim_253">379.5dp</dimen>
    <dimen name="dim_254">381dp</dimen>
    <dimen name="dim_255">382.5dp</dimen>
    <dimen name="dim_256">384dp</dimen>
    <dimen name="dim_257">385.5dp</dimen>
    <dimen name="dim_258">387dp</dimen>
    <dimen name="dim_259">388.5dp</dimen>
    <dimen name="dim_260">390dp</dimen>
    <dimen name="dim_261">391.5dp</dimen>
    <dimen name="dim_262">393dp</dimen>
    <dimen name="dim_263">394.5dp</dimen>
    <dimen name="dim_264">396dp</dimen>
    <dimen name="dim_265">397.5dp</dimen>
    <dimen name="dim_266">399dp</dimen>
    <dimen name="dim_267">400.5dp</dimen>
    <dimen name="dim_268">402dp</dimen>
    <dimen name="dim_269">403.5dp</dimen>
    <dimen name="dim_270">405dp</dimen>
    <dimen name="dim_271">406.5dp</dimen>
    <dimen name="dim_272">408dp</dimen>
    <dimen name="dim_273">409.5dp</dimen>
    <dimen name="dim_274">411dp</dimen>
    <dimen name="dim_275">412.5dp</dimen>
    <dimen name="dim_276">414dp</dimen>
    <dimen name="dim_277">415.5dp</dimen>
    <dimen name="dim_278">417dp</dimen>
    <dimen name="dim_279">418.5dp</dimen>
    <dimen name="dim_280">420dp</dimen>
    <dimen name="dim_281">421.5dp</dimen>
    <dimen name="dim_282">423dp</dimen>
    <dimen name="dim_283">424.5dp</dimen>
    <dimen name="dim_284">426dp</dimen>
    <dimen name="dim_285">427.5dp</dimen>
    <dimen name="dim_286">429dp</dimen>
    <dimen name="dim_287">430.5dp</dimen>
    <dimen name="dim_288">432dp</dimen>
    <dimen name="dim_289">433.5dp</dimen>
    <dimen name="dim_290">435dp</dimen>
    <dimen name="dim_291">436.5dp</dimen>
    <dimen name="dim_292">438dp</dimen>
    <dimen name="dim_293">439.5dp</dimen>
    <dimen name="dim_294">441dp</dimen>
    <dimen name="dim_295">442.5dp</dimen>
    <dimen name="dim_296">444dp</dimen>
    <dimen name="dim_297">445.5dp</dimen>
    <dimen name="dim_298">447dp</dimen>
    <dimen name="dim_299">448.5dp</dimen>
    <dimen name="dim_300">450dp</dimen>
     <dimen name="dim_301">451.5dp</dimen>
    <dimen name="dim_302">453dp</dimen>
    <dimen name="dim_303">454.5dp</dimen>
    <dimen name="dim_304">456dp</dimen>
    <dimen name="dim_305">457.5dp</dimen>
    <dimen name="dim_306">459dp</dimen>
    <dimen name="dim_307">460.5dp</dimen>
    <dimen name="dim_308">462dp</dimen>
    <dimen name="dim_309">463.5dp</dimen>
    <dimen name="dim_310">465dp</dimen>
    <dimen name="dim_311">466.5dp</dimen>
    <dimen name="dim_312">468dp</dimen>
    <dimen name="dim_313">469.5dp</dimen>
    <dimen name="dim_314">471dp</dimen>
    <dimen name="dim_315">472.5dp</dimen>
    <dimen name="dim_316">474dp</dimen>
    <dimen name="dim_317">475.5dp</dimen>
    <dimen name="dim_318">477dp</dimen>
    <dimen name="dim_319">478.5dp</dimen>
    <dimen name="dim_320">480dp</dimen>
    <dimen name="dim_321">481.5dp</dimen>
    <dimen name="dim_322">483dp</dimen>
    <dimen name="dim_323">484.5dp</dimen>
    <dimen name="dim_324">486dp</dimen>
    <dimen name="dim_325">487.5dp</dimen>
    <dimen name="dim_326">489dp</dimen>
    <dimen name="dim_327">490.5dp</dimen>
    <dimen name="dim_328">492dp</dimen>
    <dimen name="dim_329">493.5dp</dimen>
    <dimen name="dim_330">495dp</dimen>
    <dimen name="dim_331">496.5dp</dimen>
    <dimen name="dim_332">498dp</dimen>
    <dimen name="dim_333">499.5dp</dimen>
    <dimen name="dim_334">501dp</dimen>
    <dimen name="dim_335">502.5dp</dimen>
    <dimen name="dim_336">504dp</dimen>
    <dimen name="dim_337">505.5dp</dimen>
    <dimen name="dim_338">507dp</dimen>
    <dimen name="dim_339">508.5dp</dimen>
    <dimen name="dim_340">510dp</dimen>
    <dimen name="dim_341">511.5dp</dimen>
    <dimen name="dim_342">513dp</dimen>
    <dimen name="dim_343">514.5dp</dimen>
    <dimen name="dim_344">516dp</dimen>
    <dimen name="dim_345">517.5dp</dimen>
    <dimen name="dim_346">519dp</dimen>
    <dimen name="dim_347">520.5dp</dimen>
    <dimen name="dim_348">522dp</dimen>
    <dimen name="dim_349">523.5dp</dimen>
    <dimen name="dim_350">525dp</dimen>
    <dimen name="dim_351">526.5dp</dimen>
    <dimen name="dim_352">528dp</dimen>
    <dimen name="dim_353">529.5dp</dimen>
    <dimen name="dim_354">531dp</dimen>
    <dimen name="dim_355">532.5dp</dimen>
    <dimen name="dim_356">534dp</dimen>
    <dimen name="dim_357">535.5dp</dimen>
    <dimen name="dim_358">537dp</dimen>
    <dimen name="dim_359">538.5dp</dimen>
    <dimen name="dim_360">540dp</dimen>
    <dimen name="dim_361">541.5dp</dimen>
    <dimen name="dim_362">543dp</dimen>
    <dimen name="dim_363">544.5dp</dimen>
    <dimen name="dim_364">546dp</dimen>
    <dimen name="dim_365">547.5dp</dimen>
    <dimen name="dim_366">549dp</dimen>
    <dimen name="dim_367">550.5dp</dimen>
    <dimen name="dim_368">552dp</dimen>
    <dimen name="dim_369">553.5dp</dimen>
    <dimen name="dim_370">555dp</dimen>
    <dimen name="dim_371">556.5dp</dimen>
    <dimen name="dim_372">558dp</dimen>
    <dimen name="dim_373">559.5dp</dimen>
    <dimen name="dim_374">561dp</dimen>
    <dimen name="dim_375">562.5dp</dimen>
    <dimen name="dim_376">564dp</dimen>
    <dimen name="dim_377">565.5dp</dimen>
    <dimen name="dim_378">567dp</dimen>
    <dimen name="dim_379">568.5dp</dimen>
    <dimen name="dim_380">570dp</dimen>
    <dimen name="dim_381">571.5dp</dimen>
    <dimen name="dim_382">573dp</dimen>
    <dimen name="dim_383">574.5dp</dimen>
    <dimen name="dim_384">576dp</dimen>
    <dimen name="dim_385">577.5dp</dimen>
    <dimen name="dim_386">579dp</dimen>
    <dimen name="dim_387">580.5dp</dimen>
    <dimen name="dim_388">582dp</dimen>
    <dimen name="dim_389">583.5dp</dimen>
    <dimen name="dim_390">585dp</dimen>
    <dimen name="dim_391">586.5dp</dimen>
    <dimen name="dim_392">588dp</dimen>
    <dimen name="dim_393">589.5dp</dimen>
    <dimen name="dim_394">591dp</dimen>
    <dimen name="dim_395">592.5dp</dimen>
    <dimen name="dim_396">594dp</dimen>
    <dimen name="dim_397">595.5dp</dimen>
    <dimen name="dim_398">597dp</dimen>
    <dimen name="dim_399">598.5dp</dimen>
    <dimen name="dim_400">600dp</dimen>
     <dimen name="dim_401">601.5dp</dimen>
    <dimen name="dim_402">603dp</dimen>
    <dimen name="dim_403">604.5dp</dimen>
    <dimen name="dim_404">606dp</dimen>
    <dimen name="dim_405">607.5dp</dimen>
    <dimen name="dim_406">609dp</dimen>
    <dimen name="dim_407">610.5dp</dimen>
    <dimen name="dim_408">612dp</dimen>
    <dimen name="dim_409">613.5dp</dimen>
    <dimen name="dim_410">615dp</dimen>
    <dimen name="dim_411">616.5dp</dimen>
    <dimen name="dim_412">618dp</dimen>
    <dimen name="dim_413">619.5dp</dimen>
    <dimen name="dim_414">621dp</dimen>
    <dimen name="dim_415">622.5dp</dimen>
    <dimen name="dim_416">624dp</dimen>
    <dimen name="dim_417">625.5dp</dimen>
    <dimen name="dim_418">627dp</dimen>
    <dimen name="dim_419">628.5dp</dimen>
    <dimen name="dim_420">630dp</dimen>
    <dimen name="dim_421">631.5dp</dimen>
    <dimen name="dim_422">633dp</dimen>
    <dimen name="dim_423">634.5dp</dimen>
    <dimen name="dim_424">636dp</dimen>
    <dimen name="dim_425">637.5dp</dimen>
    <dimen name="dim_426">639dp</dimen>
    <dimen name="dim_427">640.5dp</dimen>
    <dimen name="dim_428">642dp</dimen>
    <dimen name="dim_429">643.5dp</dimen>
    <dimen name="dim_430">645dp</dimen>
    <dimen name="dim_431">646.5dp</dimen>
    <dimen name="dim_432">648dp</dimen>
    <dimen name="dim_433">649.5dp</dimen>
    <dimen name="dim_434">651dp</dimen>
    <dimen name="dim_435">652.5dp</dimen>
    <dimen name="dim_436">654dp</dimen>
    <dimen name="dim_437">655.5dp</dimen>
    <dimen name="dim_438">657dp</dimen>
    <dimen name="dim_439">658.5dp</dimen>
    <dimen name="dim_440">660dp</dimen>
    <dimen name="dim_441">661.5dp</dimen>
    <dimen name="dim_442">663dp</dimen>
    <dimen name="dim_443">664.5dp</dimen>
    <dimen name="dim_444">666dp</dimen>
    <dimen name="dim_445">667.5dp</dimen>
    <dimen name="dim_446">669dp</dimen>
    <dimen name="dim_447">670.5dp</dimen>
    <dimen name="dim_448">672dp</dimen>
    <dimen name="dim_449">673.5dp</dimen>
    <dimen name="dim_450">675dp</dimen>
    <dimen name="dim_451">676.5dp</dimen>
    <dimen name="dim_452">678dp</dimen>
    <dimen name="dim_453">679.5dp</dimen>
    <dimen name="dim_454">681dp</dimen>
    <dimen name="dim_455">682.5dp</dimen>
    <dimen name="dim_456">684dp</dimen>
    <dimen name="dim_457">685.5dp</dimen>
    <dimen name="dim_458">687dp</dimen>
    <dimen name="dim_459">688.5dp</dimen>
    <dimen name="dim_460">690dp</dimen>
    <dimen name="dim_461">691.5dp</dimen>
    <dimen name="dim_462">693dp</dimen>
    <dimen name="dim_463">694.5dp</dimen>
    <dimen name="dim_464">696dp</dimen>
    <dimen name="dim_465">697.5dp</dimen>
    <dimen name="dim_466">699dp</dimen>
    <dimen name="dim_467">700.5dp</dimen>
    <dimen name="dim_468">702dp</dimen>
    <dimen name="dim_469">703.5dp</dimen>
    <dimen name="dim_470">705dp</dimen>
    <dimen name="dim_471">706.5dp</dimen>
    <dimen name="dim_472">708dp</dimen>
    <dimen name="dim_473">709.5dp</dimen>
    <dimen name="dim_474">711dp</dimen>
    <dimen name="dim_475">712.5dp</dimen>
    <dimen name="dim_476">714dp</dimen>
    <dimen name="dim_477">715.5dp</dimen>
    <dimen name="dim_478">717dp</dimen>
    <dimen name="dim_479">718.5dp</dimen>
    <dimen name="dim_480">720dp</dimen>
    <dimen name="dim_481">721.5dp</dimen>
    <dimen name="dim_482">723dp</dimen>
    <dimen name="dim_483">724.5dp</dimen>
    <dimen name="dim_484">726dp</dimen>
    <dimen name="dim_485">727.5dp</dimen>
    <dimen name="dim_486">729dp</dimen>
    <dimen name="dim_487">730.5dp</dimen>
    <dimen name="dim_488">732dp</dimen>
    <dimen name="dim_489">733.5dp</dimen>
    <dimen name="dim_490">735dp</dimen>
    <dimen name="dim_491">736.5dp</dimen>
    <dimen name="dim_492">738dp</dimen>
    <dimen name="dim_493">739.5dp</dimen>
    <dimen name="dim_494">741dp</dimen>
    <dimen name="dim_495">742.5dp</dimen>
    <dimen name="dim_496">744dp</dimen>
    <dimen name="dim_497">745.5dp</dimen>
    <dimen name="dim_498">747dp</dimen>
    <dimen name="dim_499">748.5dp</dimen>
    <dimen name="dim_500">750dp</dimen>
     <dimen name="dim_501">751.5dp</dimen>
    <dimen name="dim_502">753dp</dimen>
    <dimen name="dim_503">754.5dp</dimen>
    <dimen name="dim_504">756dp</dimen>
    <dimen name="dim_505">757.5dp</dimen>
    <dimen name="dim_506">759dp</dimen>
    <dimen name="dim_507">760.5dp</dimen>
    <dimen name="dim_508">762dp</dimen>
    <dimen name="dim_509">763.5dp</dimen>
    <dimen name="dim_510">765dp</dimen>
    <dimen name="dim_511">766.5dp</dimen>
    <dimen name="dim_512">768dp</dimen>
    <dimen name="dim_513">769.5dp</dimen>
    <dimen name="dim_514">771dp</dimen>
    <dimen name="dim_515">772.5dp</dimen>
    <dimen name="dim_516">774dp</dimen>
    <dimen name="dim_517">775.5dp</dimen>
    <dimen name="dim_518">777dp</dimen>
    <dimen name="dim_519">778.5dp</dimen>
    <dimen name="dim_520">780dp</dimen>
    <dimen name="dim_521">781.5dp</dimen>
    <dimen name="dim_522">783dp</dimen>
    <dimen name="dim_523">784.5dp</dimen>
    <dimen name="dim_524">786dp</dimen>
    <dimen name="dim_525">787.5dp</dimen>
    <dimen name="dim_526">789dp</dimen>
    <dimen name="dim_527">790.5dp</dimen>
    <dimen name="dim_528">792dp</dimen>
    <dimen name="dim_529">793.5dp</dimen>
    <dimen name="dim_530">795dp</dimen>
    <dimen name="dim_531">796.5dp</dimen>
    <dimen name="dim_532">798dp</dimen>
    <dimen name="dim_533">799.5dp</dimen>
    <dimen name="dim_534">801dp</dimen>
    <dimen name="dim_535">802.5dp</dimen>
    <dimen name="dim_536">804dp</dimen>
    <dimen name="dim_537">805.5dp</dimen>
    <dimen name="dim_538">807dp</dimen>
    <dimen name="dim_539">808.5dp</dimen>
    <dimen name="dim_540">810dp</dimen>
    <dimen name="dim_541">811.5dp</dimen>
    <dimen name="dim_542">813dp</dimen>
    <dimen name="dim_543">814.5dp</dimen>
    <dimen name="dim_544">816dp</dimen>
    <dimen name="dim_545">817.5dp</dimen>
    <dimen name="dim_546">819dp</dimen>
    <dimen name="dim_547">820.5dp</dimen>
    <dimen name="dim_548">822dp</dimen>
    <dimen name="dim_549">823.5dp</dimen>
    <dimen name="dim_550">825dp</dimen>
    <dimen name="dim_551">826.5dp</dimen>
    <dimen name="dim_552">828dp</dimen>
    <dimen name="dim_553">829.5dp</dimen>
    <dimen name="dim_554">831dp</dimen>
    <dimen name="dim_555">832.5dp</dimen>
    <dimen name="dim_556">834dp</dimen>
    <dimen name="dim_557">835.5dp</dimen>
    <dimen name="dim_558">837dp</dimen>
    <dimen name="dim_559">838.5dp</dimen>
    <dimen name="dim_560">840dp</dimen>
    <dimen name="dim_561">841.5dp</dimen>
    <dimen name="dim_562">843dp</dimen>
    <dimen name="dim_563">844.5dp</dimen>
    <dimen name="dim_564">846dp</dimen>
    <dimen name="dim_565">847.5dp</dimen>
    <dimen name="dim_566">849dp</dimen>
    <dimen name="dim_567">850.5dp</dimen>
    <dimen name="dim_568">852dp</dimen>
    <dimen name="dim_569">853.5dp</dimen>
    <dimen name="dim_570">855dp</dimen>
    <dimen name="dim_571">856.5dp</dimen>
    <dimen name="dim_572">858dp</dimen>
    <dimen name="dim_573">859.5dp</dimen>
    <dimen name="dim_574">861dp</dimen>
    <dimen name="dim_575">862.5dp</dimen>
    <dimen name="dim_576">864dp</dimen>
    <dimen name="dim_577">865.5dp</dimen>
    <dimen name="dim_578">867dp</dimen>
    <dimen name="dim_579">868.5dp</dimen>
    <dimen name="dim_580">870dp</dimen>
    <dimen name="dim_581">871.5dp</dimen>
    <dimen name="dim_582">873dp</dimen>
    <dimen name="dim_583">874.5dp</dimen>
    <dimen name="dim_584">876dp</dimen>
    <dimen name="dim_585">877.5dp</dimen>
    <dimen name="dim_586">879dp</dimen>
    <dimen name="dim_587">880.5dp</dimen>
    <dimen name="dim_588">882dp</dimen>
    <dimen name="dim_589">883.5dp</dimen>
    <dimen name="dim_590">885dp</dimen>
    <dimen name="dim_591">886.5dp</dimen>
    <dimen name="dim_592">888dp</dimen>
    <dimen name="dim_593">889.5dp</dimen>
    <dimen name="dim_594">891dp</dimen>
    <dimen name="dim_595">892.5dp</dimen>
    <dimen name="dim_596">894dp</dimen>
    <dimen name="dim_597">895.5dp</dimen>
    <dimen name="dim_598">897dp</dimen>
    <dimen name="dim_599">898.5dp</dimen>
    <dimen name="dim_600">90dp</dimen>
     <dimen name="dim_601">901.5dp</dimen>
    <dimen name="dim_602">903dp</dimen>
    <dimen name="dim_603">904.5dp</dimen>
    <dimen name="dim_604">906dp</dimen>
    <dimen name="dim_605">907.5dp</dimen>
    <dimen name="dim_606">909dp</dimen>
    <dimen name="dim_607">910.5dp</dimen>
    <dimen name="dim_608">912dp</dimen>
    <dimen name="dim_609">913.5dp</dimen>
    <dimen name="dim_610">915dp</dimen>
    <dimen name="dim_611">916.5dp</dimen>
    <dimen name="dim_612">918dp</dimen>
    <dimen name="dim_613">919.5dp</dimen>
    <dimen name="dim_614">921dp</dimen>
    <dimen name="dim_615">922.5dp</dimen>
    <dimen name="dim_616">924dp</dimen>
    <dimen name="dim_617">925.5dp</dimen>
    <dimen name="dim_618">927dp</dimen>
    <dimen name="dim_619">928.5dp</dimen>
    <dimen name="dim_620">930dp</dimen>
    <dimen name="dim_621">931.5dp</dimen>
    <dimen name="dim_622">933dp</dimen>
    <dimen name="dim_623">934.5dp</dimen>
    <dimen name="dim_624">936dp</dimen>
    <dimen name="dim_625">937.5dp</dimen>
    <dimen name="dim_626">939dp</dimen>
    <dimen name="dim_627">940.5dp</dimen>
    <dimen name="dim_628">942dp</dimen>
    <dimen name="dim_629">943.5dp</dimen>
    <dimen name="dim_630">945dp</dimen>
    <dimen name="dim_631">946.5dp</dimen>
    <dimen name="dim_632">948dp</dimen>
    <dimen name="dim_633">949.5dp</dimen>
    <dimen name="dim_634">951dp</dimen>
    <dimen name="dim_635">952.5dp</dimen>
    <dimen name="dim_636">954dp</dimen>
    <dimen name="dim_637">955.5dp</dimen>
    <dimen name="dim_638">957dp</dimen>
    <dimen name="dim_639">958.5dp</dimen>
    <dimen name="dim_640">960dp</dimen>
    <dimen name="dim_641">961.5dp</dimen>
    <dimen name="dim_642">963dp</dimen>
    <dimen name="dim_643">964.5dp</dimen>
    <dimen name="dim_644">966dp</dimen>
    <dimen name="dim_645">967.5dp</dimen>
    <dimen name="dim_646">969dp</dimen>
    <dimen name="dim_647">970.5dp</dimen>
    <dimen name="dim_648">972dp</dimen>
    <dimen name="dim_649">973.5dp</dimen>
    <dimen name="dim_650">975dp</dimen>
    <dimen name="dim_651">976.5dp</dimen>
    <dimen name="dim_652">978dp</dimen>
    <dimen name="dim_653">979.5dp</dimen>
    <dimen name="dim_654">981dp</dimen>
    <dimen name="dim_655">982.5dp</dimen>
    <dimen name="dim_656">984dp</dimen>
    <dimen name="dim_657">985.5dp</dimen>
    <dimen name="dim_658">987dp</dimen>
    <dimen name="dim_659">988.5dp</dimen>
    <dimen name="dim_660">990dp</dimen>
    <dimen name="dim_661">991.5dp</dimen>
    <dimen name="dim_662">993dp</dimen>
    <dimen name="dim_663">994.5dp</dimen>
    <dimen name="dim_664">996dp</dimen>
    <dimen name="dim_665">997.5dp</dimen>
    <dimen name="dim_666">999dp</dimen>
    <dimen name="dim_667">1000.5dp</dimen>
    <dimen name="dim_668">1002dp</dimen>
    <dimen name="dim_669">1003.5dp</dimen>
    <dimen name="dim_670">1005dp</dimen>
    <dimen name="dim_671">1006.5dp</dimen>
    <dimen name="dim_672">1008dp</dimen>
    <dimen name="dim_673">1009.5dp</dimen>
    <dimen name="dim_674">1011dp</dimen>
    <dimen name="dim_675">1012.5dp</dimen>
    <dimen name="dim_676">1014dp</dimen>
    <dimen name="dim_677">1015.5dp</dimen>
    <dimen name="dim_678">1017dp</dimen>
    <dimen name="dim_679">1018.5dp</dimen>
    <dimen name="dim_680">1020dp</dimen>
    <dimen name="dim_681">1021.5dp</dimen>
    <dimen name="dim_682">1023dp</dimen>
    <dimen name="dim_683">1024.5dp</dimen>
    <dimen name="dim_684">1026dp</dimen>
    <dimen name="dim_685">1027.5dp</dimen>
    <dimen name="dim_686">1029dp</dimen>
    <dimen name="dim_687">1030.5dp</dimen>
    <dimen name="dim_688">1032dp</dimen>
    <dimen name="dim_689">1033.5dp</dimen>
    <dimen name="dim_690">1035dp</dimen>
    <dimen name="dim_691">1036.5dp</dimen>
    <dimen name="dim_692">1038dp</dimen>
    <dimen name="dim_693">1039.5dp</dimen>
    <dimen name="dim_694">1041dp</dimen>
    <dimen name="dim_695">1042.5dp</dimen>
    <dimen name="dim_696">1044dp</dimen>
    <dimen name="dim_697">1045.5dp</dimen>
    <dimen name="dim_698">1047dp</dimen>
    <dimen name="dim_699">1048.5dp</dimen>
    <dimen name="dim_700">1050dp</dimen>
      <dimen name="dim_701">1051.5dp</dimen>
    <dimen name="dim_702">1053dp</dimen>
    <dimen name="dim_703">1054.5dp</dimen>
    <dimen name="dim_704">1056dp</dimen>
    <dimen name="dim_705">1057.5dp</dimen>
    <dimen name="dim_706">1059dp</dimen>
    <dimen name="dim_707">1060.5dp</dimen>
    <dimen name="dim_708">1062dp</dimen>
    <dimen name="dim_709">1063.5dp</dimen>
    <dimen name="dim_710">1065dp</dimen>
    <dimen name="dim_711">1066.5dp</dimen>
    <dimen name="dim_712">1068dp</dimen>
    <dimen name="dim_713">1069.5dp</dimen>
    <dimen name="dim_714">1071dp</dimen>
    <dimen name="dim_715">1072.5dp</dimen>
    <dimen name="dim_716">1074dp</dimen>
    <dimen name="dim_717">1075.5dp</dimen>
    <dimen name="dim_718">1077dp</dimen>
    <dimen name="dim_719">1078.5dp</dimen>
    <dimen name="dim_720">1080dp</dimen>
    <dimen name="dim_721">1081.5dp</dimen>
    <dimen name="dim_722">1083dp</dimen>
    <dimen name="dim_723">1084.5dp</dimen>
    <dimen name="dim_724">1086dp</dimen>
    <dimen name="dim_725">1087.5dp</dimen>
    <dimen name="dim_726">1089dp</dimen>
    <dimen name="dim_727">1090.5dp</dimen>
    <dimen name="dim_728">1092dp</dimen>
    <dimen name="dim_729">1093.5dp</dimen>
    <dimen name="dim_730">1095dp</dimen>
    <dimen name="dim_731">1096.5dp</dimen>
    <dimen name="dim_732">1098dp</dimen>
    <dimen name="dim_733">1099.5dp</dimen>
    <dimen name="dim_734">1101dp</dimen>
    <dimen name="dim_735">1102.5dp</dimen>
    <dimen name="dim_736">1104dp</dimen>
    <dimen name="dim_737">1105.5dp</dimen>
    <dimen name="dim_738">1107dp</dimen>
    <dimen name="dim_739">1108.5dp</dimen>
    <dimen name="dim_740">1110dp</dimen>
    <dimen name="dim_741">1111.5dp</dimen>
    <dimen name="dim_742">1113dp</dimen>
    <dimen name="dim_743">1114.5dp</dimen>
    <dimen name="dim_744">1116dp</dimen>
    <dimen name="dim_745">1117.5dp</dimen>
    <dimen name="dim_746">1119dp</dimen>
    <dimen name="dim_747">1120.5dp</dimen>
    <dimen name="dim_748">1122dp</dimen>
    <dimen name="dim_749">1123.5dp</dimen>
    <dimen name="dim_750">1125dp</dimen>
    <dimen name="dim_751">1126.5dp</dimen>
    <dimen name="dim_752">1128dp</dimen>
    <dimen name="dim_753">1129.5dp</dimen>
    <dimen name="dim_754">1131dp</dimen>
    <dimen name="dim_755">1132.5dp</dimen>
    <dimen name="dim_756">1134dp</dimen>
    <dimen name="dim_757">1135.5dp</dimen>
    <dimen name="dim_758">1137dp</dimen>
    <dimen name="dim_759">1138.5dp</dimen>
    <dimen name="dim_760">1140dp</dimen>
    <dimen name="dim_761">1141.5dp</dimen>
    <dimen name="dim_762">1143dp</dimen>
    <dimen name="dim_763">1144.5dp</dimen>
    <dimen name="dim_764">1146dp</dimen>
    <dimen name="dim_765">1147.5dp</dimen>
    <dimen name="dim_766">1149dp</dimen>
    <dimen name="dim_767">1150.5dp</dimen>
    <dimen name="dim_768">1152dp</dimen>
    <dimen name="dim_769">1153.5dp</dimen>
    <dimen name="dim_770">1155dp</dimen>
    <dimen name="dim_771">1156.5dp</dimen>
    <dimen name="dim_772">1158dp</dimen>
    <dimen name="dim_773">1159.5dp</dimen>
    <dimen name="dim_774">1161dp</dimen>
    <dimen name="dim_775">1162.5dp</dimen>
    <dimen name="dim_776">1164dp</dimen>
    <dimen name="dim_777">1165.5dp</dimen>
    <dimen name="dim_778">1167dp</dimen>
    <dimen name="dim_779">1168.5dp</dimen>
    <dimen name="dim_780">1170dp</dimen>
    <dimen name="dim_781">1171.5dp</dimen>
    <dimen name="dim_782">1173dp</dimen>
    <dimen name="dim_783">1174.5dp</dimen>
    <dimen name="dim_784">1176dp</dimen>
    <dimen name="dim_785">1177.5dp</dimen>
    <dimen name="dim_786">1179dp</dimen>
    <dimen name="dim_787">1180.5dp</dimen>
    <dimen name="dim_788">1182dp</dimen>
    <dimen name="dim_789">1183.5dp</dimen>
    <dimen name="dim_790">1185dp</dimen>
    <dimen name="dim_791">1186.5dp</dimen>
    <dimen name="dim_792">1188dp</dimen>
    <dimen name="dim_793">1189.5dp</dimen>
    <dimen name="dim_794">1191dp</dimen>
    <dimen name="dim_795">1192.5dp</dimen>
    <dimen name="dim_796">1194dp</dimen>
    <dimen name="dim_797">1195.5dp</dimen>
    <dimen name="dim_798">1197dp</dimen>
    <dimen name="dim_799">1198.5dp</dimen>
    <dimen name="dim_800">1200dp</dimen>
      <dimen name="dim_801">1201.5dp</dimen>
    <dimen name="dim_802">1203dp</dimen>
    <dimen name="dim_803">1204.5dp</dimen>
    <dimen name="dim_804">1206dp</dimen>
    <dimen name="dim_805">1207.5dp</dimen>
    <dimen name="dim_806">1209dp</dimen>
    <dimen name="dim_807">1210.5dp</dimen>
    <dimen name="dim_808">1212dp</dimen>
    <dimen name="dim_809">1213.5dp</dimen>
    <dimen name="dim_810">1215dp</dimen>
    <dimen name="dim_811">1216.5dp</dimen>
    <dimen name="dim_812">1218dp</dimen>
    <dimen name="dim_813">1219.5dp</dimen>
    <dimen name="dim_814">1221dp</dimen>
    <dimen name="dim_815">1222.5dp</dimen>
    <dimen name="dim_816">1224dp</dimen>
    <dimen name="dim_817">1225.5dp</dimen>
    <dimen name="dim_818">1227dp</dimen>
    <dimen name="dim_819">1228.5dp</dimen>
    <dimen name="dim_820">1230dp</dimen>
    <dimen name="dim_821">1231.5dp</dimen>
    <dimen name="dim_822">1233dp</dimen>
    <dimen name="dim_823">1234.5dp</dimen>
    <dimen name="dim_824">1236dp</dimen>
    <dimen name="dim_825">1237.5dp</dimen>
    <dimen name="dim_826">1239dp</dimen>
    <dimen name="dim_827">1240.5dp</dimen>
    <dimen name="dim_828">1242dp</dimen>
    <dimen name="dim_829">1243.5dp</dimen>
    <dimen name="dim_830">1245dp</dimen>
    <dimen name="dim_831">1246.5dp</dimen>
    <dimen name="dim_832">1248dp</dimen>
    <dimen name="dim_833">1249.5dp</dimen>
    <dimen name="dim_834">1251dp</dimen>
    <dimen name="dim_835">1252.5dp</dimen>
    <dimen name="dim_836">1254dp</dimen>
    <dimen name="dim_837">1255.5dp</dimen>
    <dimen name="dim_838">1257dp</dimen>
    <dimen name="dim_839">1258.5dp</dimen>
    <dimen name="dim_840">1260dp</dimen>
    <dimen name="dim_841">1261.5dp</dimen>
    <dimen name="dim_842">1263dp</dimen>
    <dimen name="dim_843">1264.5dp</dimen>
    <dimen name="dim_844">1266dp</dimen>
    <dimen name="dim_845">1267.5dp</dimen>
    <dimen name="dim_846">1269dp</dimen>
    <dimen name="dim_847">1270.5dp</dimen>
    <dimen name="dim_848">1272dp</dimen>
    <dimen name="dim_849">1273.5dp</dimen>
    <dimen name="dim_850">1275dp</dimen>
    <dimen name="dim_851">1276.5dp</dimen>
    <dimen name="dim_852">1278dp</dimen>
    <dimen name="dim_853">1279.5dp</dimen>
    <dimen name="dim_854">1281dp</dimen>
    <dimen name="dim_855">1282.5dp</dimen>
    <dimen name="dim_856">1284dp</dimen>
    <dimen name="dim_857">1285.5dp</dimen>
    <dimen name="dim_858">1287dp</dimen>
    <dimen name="dim_859">1288.5dp</dimen>
    <dimen name="dim_860">1290dp</dimen>
    <dimen name="dim_861">1291.5dp</dimen>
    <dimen name="dim_862">1293dp</dimen>
    <dimen name="dim_863">1294.5dp</dimen>
    <dimen name="dim_864">1296dp</dimen>
    <dimen name="dim_865">1297.5dp</dimen>
    <dimen name="dim_866">1299dp</dimen>
    <dimen name="dim_867">1300.5dp</dimen>
    <dimen name="dim_868">1302dp</dimen>
    <dimen name="dim_869">1303.5dp</dimen>
    <dimen name="dim_870">1305dp</dimen>
    <dimen name="dim_871">1306.5dp</dimen>
    <dimen name="dim_872">1308dp</dimen>
    <dimen name="dim_873">1309.5dp</dimen>
    <dimen name="dim_874">1311dp</dimen>
    <dimen name="dim_875">1312.5dp</dimen>
    <dimen name="dim_876">1314dp</dimen>
    <dimen name="dim_877">1315.5dp</dimen>
    <dimen name="dim_878">1317dp</dimen>
    <dimen name="dim_879">1318.5dp</dimen>
    <dimen name="dim_880">1320dp</dimen>
    <dimen name="dim_881">1321.5dp</dimen>
    <dimen name="dim_882">1323dp</dimen>
    <dimen name="dim_883">1324.5dp</dimen>
    <dimen name="dim_884">1326dp</dimen>
    <dimen name="dim_885">1327.5dp</dimen>
    <dimen name="dim_886">1329dp</dimen>
    <dimen name="dim_887">1330.5dp</dimen>
    <dimen name="dim_888">1332dp</dimen>
    <dimen name="dim_889">1333.5dp</dimen>
    <dimen name="dim_890">1335dp</dimen>
    <dimen name="dim_891">1336.5dp</dimen>
    <dimen name="dim_892">1338dp</dimen>
    <dimen name="dim_893">1339.5dp</dimen>
    <dimen name="dim_894">1341dp</dimen>
    <dimen name="dim_895">1342.5dp</dimen>
    <dimen name="dim_896">1344dp</dimen>
    <dimen name="dim_897">1345.5dp</dimen>
    <dimen name="dim_898">1347dp</dimen>
    <dimen name="dim_899">1348.5dp</dimen>
    <dimen name="dim_900">1350dp</dimen>
      <dimen name="dim_901">1351.5dp</dimen>
    <dimen name="dim_902">1353dp</dimen>
    <dimen name="dim_903">1354.5dp</dimen>
    <dimen name="dim_904">1356dp</dimen>
    <dimen name="dim_905">1357.5dp</dimen>
    <dimen name="dim_906">1359dp</dimen>
    <dimen name="dim_907">1360.5dp</dimen>
    <dimen name="dim_908">1362dp</dimen>
    <dimen name="dim_909">1363.5dp</dimen>
    <dimen name="dim_910">1365dp</dimen>
    <dimen name="dim_911">1366.5dp</dimen>
    <dimen name="dim_912">1368dp</dimen>
    <dimen name="dim_913">1369.5dp</dimen>
    <dimen name="dim_914">1371dp</dimen>
    <dimen name="dim_915">1372.5dp</dimen>
    <dimen name="dim_916">1374dp</dimen>
    <dimen name="dim_917">1375.5dp</dimen>
    <dimen name="dim_918">1377dp</dimen>
    <dimen name="dim_919">1378.5dp</dimen>
    <dimen name="dim_920">1380dp</dimen>
    <dimen name="dim_921">1381.5dp</dimen>
    <dimen name="dim_922">1383dp</dimen>
    <dimen name="dim_923">1384.5dp</dimen>
    <dimen name="dim_924">1386dp</dimen>
    <dimen name="dim_925">1387.5dp</dimen>
    <dimen name="dim_926">1389dp</dimen>
    <dimen name="dim_927">1390.5dp</dimen>
    <dimen name="dim_928">1392dp</dimen>
    <dimen name="dim_929">1393.5dp</dimen>
    <dimen name="dim_930">1395dp</dimen>
    <dimen name="dim_931">1396.5dp</dimen>
    <dimen name="dim_932">1398dp</dimen>
    <dimen name="dim_933">1399.5dp</dimen>
    <dimen name="dim_934">1401dp</dimen>
    <dimen name="dim_935">1402.5dp</dimen>
    <dimen name="dim_936">1404dp</dimen>
    <dimen name="dim_937">1405.5dp</dimen>
    <dimen name="dim_938">1407dp</dimen>
    <dimen name="dim_939">1408.5dp</dimen>
    <dimen name="dim_940">1410dp</dimen>
    <dimen name="dim_941">1411.5dp</dimen>
    <dimen name="dim_942">1413dp</dimen>
    <dimen name="dim_943">1414.5dp</dimen>
    <dimen name="dim_944">1416dp</dimen>
    <dimen name="dim_945">1417.5dp</dimen>
    <dimen name="dim_946">1419dp</dimen>
    <dimen name="dim_947">1420.5dp</dimen>
    <dimen name="dim_948">1422dp</dimen>
    <dimen name="dim_949">1423.5dp</dimen>
    <dimen name="dim_950">1425dp</dimen>
    <dimen name="dim_951">1426.5dp</dimen>
    <dimen name="dim_952">1428dp</dimen>
    <dimen name="dim_953">1429.5dp</dimen>
    <dimen name="dim_954">1431dp</dimen>
    <dimen name="dim_955">1432.5dp</dimen>
    <dimen name="dim_956">1434dp</dimen>
    <dimen name="dim_957">1435.5dp</dimen>
    <dimen name="dim_958">1437dp</dimen>
    <dimen name="dim_959">1438.5dp</dimen>
    <dimen name="dim_960">1440dp</dimen>
    <dimen name="dim_961">1441.5dp</dimen>
    <dimen name="dim_962">1443dp</dimen>
    <dimen name="dim_963">1444.5dp</dimen>
    <dimen name="dim_964">1446dp</dimen>
    <dimen name="dim_965">1447.5dp</dimen>
    <dimen name="dim_966">1449dp</dimen>
    <dimen name="dim_967">1450.5dp</dimen>
    <dimen name="dim_968">1452dp</dimen>
    <dimen name="dim_969">1453.5dp</dimen>
    <dimen name="dim_970">1455dp</dimen>
    <dimen name="dim_971">1456.5dp</dimen>
    <dimen name="dim_972">1458dp</dimen>
    <dimen name="dim_973">1459.5dp</dimen>
    <dimen name="dim_974">1461dp</dimen>
    <dimen name="dim_975">1462.5dp</dimen>
    <dimen name="dim_976">1464dp</dimen>
    <dimen name="dim_977">1465.5dp</dimen>
    <dimen name="dim_978">1467dp</dimen>
    <dimen name="dim_979">1468.5dp</dimen>
    <dimen name="dim_980">1470dp</dimen>
    <dimen name="dim_981">1471.5dp</dimen>
    <dimen name="dim_982">1473dp</dimen>
    <dimen name="dim_983">1474.5dp</dimen>
    <dimen name="dim_984">1476dp</dimen>
    <dimen name="dim_985">1477.5dp</dimen>
    <dimen name="dim_986">1479dp</dimen>
    <dimen name="dim_987">1480.5dp</dimen>
    <dimen name="dim_988">1482dp</dimen>
    <dimen name="dim_989">1483.5dp</dimen>
    <dimen name="dim_990">1485dp</dimen>
    <dimen name="dim_991">1486.5dp</dimen>
    <dimen name="dim_992">1488dp</dimen>
    <dimen name="dim_993">1489.5dp</dimen>
    <dimen name="dim_994">1491dp</dimen>
    <dimen name="dim_995">1492.5dp</dimen>
    <dimen name="dim_996">1494dp</dimen>
    <dimen name="dim_997">1495.5dp</dimen>
    <dimen name="dim_998">1497dp</dimen>
    <dimen name="dim_999">1498.5dp</dimen>
    <dimen name="dim_1000">1500dp</dimen>
    
</resources>